{"extensions": {"python.details": {"document_names": {"description": "DESCRIPTION.rst"}}}, "extras": ["build", "docs", "test"], "generator": "bdist_wheel (0.30.0)", "metadata_version": "2.0", "name": "tabledata", "run_requires": [{"requires": ["DataProperty (>=0.29.1)", "logbook", "pathvalidate (>=0.16.2)", "setuptools (>=20.2.2)", "six", "typepy"]}, {"extra": "docs", "requires": ["Sphinx", "path.py", "readmemaker (>=0.5.0)", "sphinx-rtd-theme"]}, {"extra": "test", "requires": ["pytablewriter (>=0.25.0)", "pytest-cov", "pytest", "tox"]}, {"extra": "build", "requires": ["wheel"]}, {"environment": "python_version < \"3.2\"", "requires": ["futures"]}, {"environment": "python_version < \"3.4\"", "requires": ["enum34"]}], "summary": "A Python library to represent tabular data for pytablewriter/pytablereader/SimpleSQLite.", "test_requires": [{"requires": ["pytablewriter (>=0.25.0)", "pytest", "pytest-cov", "tox"]}], "version": "0.0.5"}