{"extensions": {"python.details": {"document_names": {"description": "DESCRIPTION.rst"}}}, "extras": ["docs", "test"], "generator": "bdist_wheel (0.29.0)", "metadata_version": "2.0", "name": "DataProperty", "run_requires": [{"extra": "docs", "requires": ["Sphinx", "path.py", "sphinx-rtd-theme"]}, {"requires": ["logbook (>=1.0.1)", "setuptools (>=20.2.2)", "typepy (>=0.0.20)"]}, {"extra": "test", "requires": ["pytest (<=2.9.2)", "pytest-cov", "tox"]}, {"environment": "python_version < \"3.2\"", "requires": ["futures"]}, {"environment": "python_version < \"3.3\"", "requires": ["ipaddress"]}, {"environment": "python_version < \"3.4\"", "requires": ["enum34"]}], "summary": "Python library for extract property from data.", "test_requires": [{"requires": ["pytest (<=2.9.2)", "pytest-cov", "tox"]}], "version": "0.28.0"}