{"extensions": {"python.details": {"document_names": {"description": "DESCRIPTION.rst"}}}, "extras": ["docs", "test"], "generator": "bdist_wheel (0.29.0)", "metadata_version": "2.0", "name": "pytablewriter", "run_requires": [{"requires": ["DataProperty (>=0.28.0)", "SimpleSQLite (>=0.18.0)", "XlsxWriter (>=1.0.2)", "dominate (>=2.3.1)", "elasticsearch (>=5.4.0)", "logbook", "mbstrdecoder", "pathvalidate (>=0.16.2)", "setuptools (>=20.2.2)", "six", "tabledata (>=0.0.2)", "toml (>=0.9.3)", "typepy", "xlwt"]}, {"extra": "docs", "requires": ["Sphinx", "path.py", "readmemaker (>=0.5.0)", "sphinx-rtd-theme"]}, {"extra": "test", "requires": ["pytablereader", "pytest-cov", "pytest", "tox"]}, {"environment": "python_version < \"3.3\"", "requires": ["ipaddress"]}, {"environment": "python_version < \"3.4\"", "requires": ["enum34"]}], "summary": "A Python library to write a table in various formats: CSV / Elasticsearch / HTML / JavaScript / JSON / Jupyter Notebook / LaTeX / LTSV / Markdown / MediaWiki / NumPy / Excel / Pandas / Python / reStructuredText / SQLite / TOML / TSV.", "test_requires": [{"requires": ["pytablereader", "pytest", "pytest-cov", "tox"]}], "version": "0.26.0"}